,Title,url,thumbnail_url,Channel,Description
0,THE BATMAN - The Bat and The Cat Trailer,https://www.youtube.com/watch?v=u34gHaRiBIU,https://i.ytimg.com/vi/u34gHaRiBIU/hqdefault.jpg?sqp=-oaymwEcCPYBEIoBSFXyq4qpAw4IARUAAIhCGAFwAcABBg==&rs=AOn4CLABQjHx5nj5S4rIxe4qrERE0BWSXA,Warner Bros. Pictures,Vengeance equals justice for both the Bat and the Cat. Watch the new trailer for The Batman now. Only in theaters March 4. #TheBatman ----------------------------- https://www.instagram.com/thebat...
1,"Latto - Super Gremlin ""Freestyle"" [Official Video]",https://www.youtube.com/watch?v=BipTVzsJMt0,https://i.ytimg.com/vi/BipTVzsJMt0/hqdefault.jpg?sqp=-oaymwEcCPYBEIoBSFXyq4qpAw4IARUAAIhCGAFwAcABBg==&rs=AOn4CLDg-oPR0GoefWwdPcglNH_SPKVeow,Latto,"Latto - Super Gremlin ""Freestyle"" [Official Video] Stream/Download ""Big Energy"": https://latto.lnk.to/BigEnergyID Subscribe for more official content from Latto: https://latto.lnk.to/YouTubeSubs..."
2,MY MOST VIEWED FLIGHT TIP TIKTOK OF 2021: BEST SEAT IN ECONOMY? ü§©,https://www.youtube.com/shorts/4mnxYlrk3q4,https://i.ytimg.com/vi/4mnxYlrk3q4/hq2.jpg,Jeenie.Weenie,
3,"B-Lovee, G Herbo - My Everything (Part III) (Official Audio)",https://www.youtube.com/watch?v=-4FtvGpPNrk,https://i.ytimg.com/vi/-4FtvGpPNrk/hqdefault.jpg?sqp=-oaymwEcCPYBEIoBSFXyq4qpAw4IARUAAIhCGAFwAcABBg==&rs=AOn4CLD_AweTZyvoKLlhrKv7tr77jw-n4w,B Lovee,Official audio for ‚ÄúMy Everything (Pt. III)‚Äù by B-Lovee & G Herbo Listen & Download ‚ÄúMy Everything (Pt. III)‚Äù out now: https://blovee.lnk.to/MyEverythingPtIII Amazon Music - https://blo...
4,"People Order Food, I Deliver Oblivion - Cooking Simulator",https://www.youtube.com/watch?v=CfB3ll3oQs8,,Let's Game It Out,Thanks again to Amazon Prime Video for sponsoring! Click here now to start collecting your SWEET GEAR: https://bit.ly/NewWorldofTime Check out New World streams here: https://www.twitch.tv/directo...
5,"Safaree Apologizes To Erica ""For Everything"" üò© VH1 Family Reunion: Love & Hip Hop Edition",https://www.youtube.com/watch?v=tNwgFSO2Qi8,,VH1 Love & Hip Hop,"Safaree apologizes to Erica for ""everything he's done to hurt her"" and the two have an emotional breakthrough üíî #VH1 #LHHFR #LHH Paramount+ is here! Stream all your favorites shows now..."
6,The Sneaky Food Trap,https://www.youtube.com/shorts/QoB5JqiM5cE,,Nas Daily,#shorts
7,When the WiFi is free üòÇ,https://www.youtube.com/shorts/lkL1HW2h2kQ,,Adam W,"Subscribe Here for new #shorts: https://www.youtube.com/channel/UC_k6... THANKS FOR WATCHING!! LIKE, COMMENT, AND SUBSCRIBE FOR MORE VIDS! --------------------------------------------------------..."
8,Minecraft if players were TOO GOOD,https://www.youtube.com/watch?v=NR5AGPwHeWA,,Evbo,"Minecraft if players were TOO GOOD.....the story about what a Minecraft world would be like if players were too good at the game..... Voice Actors: Evbo, Jackswano Actors: Evbo, Tabi382,..."
9,Brand Wars (ep.3): Dunkin vs Krispy Kreme,https://www.youtube.com/shorts/i_IPS9st8Ak,,Max Klymenko,#shorts #donuts #brands #business
